{"lineP":[-0.6766666666666667,0.5295409181636728,-0.10077380952380954,-0.2489021956087824],"lineC":[[0,0,0,1,0,0,0,1]],"SQC":[],"SQP":[],"rectC":[],"rectP":[],"arrSQC":[],"arrSQP":[],"arrpolyP":[],"arrpolyC":[],"arrrectC":[],"arrrectP":[],"arrNumpoly":[]}